date,date_key,year,month,quarter,month_name,season,is_covid_period
1999-01-01,199901,1999,1,1,Jan,Low (Nov-Mar),False
1999-02-01,199902,1999,2,1,Feb,Low (Nov-Mar),False
1999-03-01,199903,1999,3,1,Mar,Low (Nov-Mar),False
1999-04-01,199904,1999,4,2,Apr,"Shoulder (Apr-May, Oct)",False
1999-05-01,199905,1999,5,2,May,"Shoulder (Apr-May, Oct)",False
1999-06-01,199906,1999,6,2,Jun,Peak (Jun-Sep),False
1999-07-01,199907,1999,7,3,Jul,Peak (Jun-Sep),False
1999-08-01,199908,1999,8,3,Aug,Peak (Jun-Sep),False
1999-09-01,199909,1999,9,3,Sep,Peak (Jun-Sep),False
1999-10-01,199910,1999,10,4,Oct,"Shoulder (Apr-May, Oct)",False
1999-11-01,199911,1999,11,4,Nov,Low (Nov-Mar),False
1999-12-01,199912,1999,12,4,Dec,Low (Nov-Mar),False
2000-01-01,200001,2000,1,1,Jan,Low (Nov-Mar),False
2000-02-01,200002,2000,2,1,Feb,Low (Nov-Mar),False
2000-03-01,200003,2000,3,1,Mar,Low (Nov-Mar),False
2000-04-01,200004,2000,4,2,Apr,"Shoulder (Apr-May, Oct)",False
2000-05-01,200005,2000,5,2,May,"Shoulder (Apr-May, Oct)",False
2000-06-01,200006,2000,6,2,Jun,Peak (Jun-Sep),False
2000-07-01,200007,2000,7,3,Jul,Peak (Jun-Sep),False
2000-08-01,200008,2000,8,3,Aug,Peak (Jun-Sep),False
2000-09-01,200009,2000,9,3,Sep,Peak (Jun-Sep),False
2000-10-01,200010,2000,10,4,Oct,"Shoulder (Apr-May, Oct)",False
2000-11-01,200011,2000,11,4,Nov,Low (Nov-Mar),False
2000-12-01,200012,2000,12,4,Dec,Low (Nov-Mar),False
2001-01-01,200101,2001,1,1,Jan,Low (Nov-Mar),False
2001-02-01,200102,2001,2,1,Feb,Low (Nov-Mar),False
2001-03-01,200103,2001,3,1,Mar,Low (Nov-Mar),False
2001-04-01,200104,2001,4,2,Apr,"Shoulder (Apr-May, Oct)",False
2001-05-01,200105,2001,5,2,May,"Shoulder (Apr-May, Oct)",False
2001-06-01,200106,2001,6,2,Jun,Peak (Jun-Sep),False
2001-07-01,200107,2001,7,3,Jul,Peak (Jun-Sep),False
2001-08-01,200108,2001,8,3,Aug,Peak (Jun-Sep),False
2001-09-01,200109,2001,9,3,Sep,Peak (Jun-Sep),False
2001-10-01,200110,2001,10,4,Oct,"Shoulder (Apr-May, Oct)",False
2001-11-01,200111,2001,11,4,Nov,Low (Nov-Mar),False
2001-12-01,200112,2001,12,4,Dec,Low (Nov-Mar),False
2002-01-01,200201,2002,1,1,Jan,Low (Nov-Mar),False
2002-02-01,200202,2002,2,1,Feb,Low (Nov-Mar),False
2002-03-01,200203,2002,3,1,Mar,Low (Nov-Mar),False
2002-04-01,200204,2002,4,2,Apr,"Shoulder (Apr-May, Oct)",False
2002-05-01,200205,2002,5,2,May,"Shoulder (Apr-May, Oct)",False
2002-06-01,200206,2002,6,2,Jun,Peak (Jun-Sep),False
2002-07-01,200207,2002,7,3,Jul,Peak (Jun-Sep),False
2002-08-01,200208,2002,8,3,Aug,Peak (Jun-Sep),False
2002-09-01,200209,2002,9,3,Sep,Peak (Jun-Sep),False
2002-10-01,200210,2002,10,4,Oct,"Shoulder (Apr-May, Oct)",False
2002-11-01,200211,2002,11,4,Nov,Low (Nov-Mar),False
2002-12-01,200212,2002,12,4,Dec,Low (Nov-Mar),False
2003-01-01,200301,2003,1,1,Jan,Low (Nov-Mar),False
2003-02-01,200302,2003,2,1,Feb,Low (Nov-Mar),False
2003-03-01,200303,2003,3,1,Mar,Low (Nov-Mar),False
2003-04-01,200304,2003,4,2,Apr,"Shoulder (Apr-May, Oct)",False
2003-05-01,200305,2003,5,2,May,"Shoulder (Apr-May, Oct)",False
2003-06-01,200306,2003,6,2,Jun,Peak (Jun-Sep),False
2003-07-01,200307,2003,7,3,Jul,Peak (Jun-Sep),False
2003-08-01,200308,2003,8,3,Aug,Peak (Jun-Sep),False
2003-09-01,200309,2003,9,3,Sep,Peak (Jun-Sep),False
2003-10-01,200310,2003,10,4,Oct,"Shoulder (Apr-May, Oct)",False
2003-11-01,200311,2003,11,4,Nov,Low (Nov-Mar),False
2003-12-01,200312,2003,12,4,Dec,Low (Nov-Mar),False
2004-01-01,200401,2004,1,1,Jan,Low (Nov-Mar),False
2004-02-01,200402,2004,2,1,Feb,Low (Nov-Mar),False
2004-03-01,200403,2004,3,1,Mar,Low (Nov-Mar),False
2004-04-01,200404,2004,4,2,Apr,"Shoulder (Apr-May, Oct)",False
2004-05-01,200405,2004,5,2,May,"Shoulder (Apr-May, Oct)",False
2004-06-01,200406,2004,6,2,Jun,Peak (Jun-Sep),False
2004-07-01,200407,2004,7,3,Jul,Peak (Jun-Sep),False
2004-08-01,200408,2004,8,3,Aug,Peak (Jun-Sep),False
2004-09-01,200409,2004,9,3,Sep,Peak (Jun-Sep),False
2004-10-01,200410,2004,10,4,Oct,"Shoulder (Apr-May, Oct)",False
2004-11-01,200411,2004,11,4,Nov,Low (Nov-Mar),False
2004-12-01,200412,2004,12,4,Dec,Low (Nov-Mar),False
2005-01-01,200501,2005,1,1,Jan,Low (Nov-Mar),False
2005-02-01,200502,2005,2,1,Feb,Low (Nov-Mar),False
2005-03-01,200503,2005,3,1,Mar,Low (Nov-Mar),False
2005-04-01,200504,2005,4,2,Apr,"Shoulder (Apr-May, Oct)",False
2005-05-01,200505,2005,5,2,May,"Shoulder (Apr-May, Oct)",False
2005-06-01,200506,2005,6,2,Jun,Peak (Jun-Sep),False
2005-07-01,200507,2005,7,3,Jul,Peak (Jun-Sep),False
2005-08-01,200508,2005,8,3,Aug,Peak (Jun-Sep),False
2005-09-01,200509,2005,9,3,Sep,Peak (Jun-Sep),False
2005-10-01,200510,2005,10,4,Oct,"Shoulder (Apr-May, Oct)",False
2005-11-01,200511,2005,11,4,Nov,Low (Nov-Mar),False
2005-12-01,200512,2005,12,4,Dec,Low (Nov-Mar),False
2006-01-01,200601,2006,1,1,Jan,Low (Nov-Mar),False
2006-02-01,200602,2006,2,1,Feb,Low (Nov-Mar),False
2006-03-01,200603,2006,3,1,Mar,Low (Nov-Mar),False
2006-04-01,200604,2006,4,2,Apr,"Shoulder (Apr-May, Oct)",False
2006-05-01,200605,2006,5,2,May,"Shoulder (Apr-May, Oct)",False
2006-06-01,200606,2006,6,2,Jun,Peak (Jun-Sep),False
2006-07-01,200607,2006,7,3,Jul,Peak (Jun-Sep),False
2006-08-01,200608,2006,8,3,Aug,Peak (Jun-Sep),False
2006-09-01,200609,2006,9,3,Sep,Peak (Jun-Sep),False
2006-10-01,200610,2006,10,4,Oct,"Shoulder (Apr-May, Oct)",False
2006-11-01,200611,2006,11,4,Nov,Low (Nov-Mar),False
2006-12-01,200612,2006,12,4,Dec,Low (Nov-Mar),False
2007-01-01,200701,2007,1,1,Jan,Low (Nov-Mar),False
2007-02-01,200702,2007,2,1,Feb,Low (Nov-Mar),False
2007-03-01,200703,2007,3,1,Mar,Low (Nov-Mar),False
2007-04-01,200704,2007,4,2,Apr,"Shoulder (Apr-May, Oct)",False
2007-05-01,200705,2007,5,2,May,"Shoulder (Apr-May, Oct)",False
2007-06-01,200706,2007,6,2,Jun,Peak (Jun-Sep),False
2007-07-01,200707,2007,7,3,Jul,Peak (Jun-Sep),False
2007-08-01,200708,2007,8,3,Aug,Peak (Jun-Sep),False
2007-09-01,200709,2007,9,3,Sep,Peak (Jun-Sep),False
2007-10-01,200710,2007,10,4,Oct,"Shoulder (Apr-May, Oct)",False
2007-11-01,200711,2007,11,4,Nov,Low (Nov-Mar),False
2007-12-01,200712,2007,12,4,Dec,Low (Nov-Mar),False
2008-01-01,200801,2008,1,1,Jan,Low (Nov-Mar),False
2008-02-01,200802,2008,2,1,Feb,Low (Nov-Mar),False
2008-03-01,200803,2008,3,1,Mar,Low (Nov-Mar),False
2008-04-01,200804,2008,4,2,Apr,"Shoulder (Apr-May, Oct)",False
2008-05-01,200805,2008,5,2,May,"Shoulder (Apr-May, Oct)",False
2008-06-01,200806,2008,6,2,Jun,Peak (Jun-Sep),False
2008-07-01,200807,2008,7,3,Jul,Peak (Jun-Sep),False
2008-08-01,200808,2008,8,3,Aug,Peak (Jun-Sep),False
2008-09-01,200809,2008,9,3,Sep,Peak (Jun-Sep),False
2008-10-01,200810,2008,10,4,Oct,"Shoulder (Apr-May, Oct)",False
2008-11-01,200811,2008,11,4,Nov,Low (Nov-Mar),False
2008-12-01,200812,2008,12,4,Dec,Low (Nov-Mar),False
2009-01-01,200901,2009,1,1,Jan,Low (Nov-Mar),False
2009-02-01,200902,2009,2,1,Feb,Low (Nov-Mar),False
2009-03-01,200903,2009,3,1,Mar,Low (Nov-Mar),False
2009-04-01,200904,2009,4,2,Apr,"Shoulder (Apr-May, Oct)",False
2009-05-01,200905,2009,5,2,May,"Shoulder (Apr-May, Oct)",False
2009-06-01,200906,2009,6,2,Jun,Peak (Jun-Sep),False
2009-07-01,200907,2009,7,3,Jul,Peak (Jun-Sep),False
2009-08-01,200908,2009,8,3,Aug,Peak (Jun-Sep),False
2009-09-01,200909,2009,9,3,Sep,Peak (Jun-Sep),False
2009-10-01,200910,2009,10,4,Oct,"Shoulder (Apr-May, Oct)",False
2009-11-01,200911,2009,11,4,Nov,Low (Nov-Mar),False
2009-12-01,200912,2009,12,4,Dec,Low (Nov-Mar),False
2010-01-01,201001,2010,1,1,Jan,Low (Nov-Mar),False
2010-02-01,201002,2010,2,1,Feb,Low (Nov-Mar),False
2010-03-01,201003,2010,3,1,Mar,Low (Nov-Mar),False
2010-04-01,201004,2010,4,2,Apr,"Shoulder (Apr-May, Oct)",False
2010-05-01,201005,2010,5,2,May,"Shoulder (Apr-May, Oct)",False
2010-06-01,201006,2010,6,2,Jun,Peak (Jun-Sep),False
2010-07-01,201007,2010,7,3,Jul,Peak (Jun-Sep),False
2010-08-01,201008,2010,8,3,Aug,Peak (Jun-Sep),False
2010-09-01,201009,2010,9,3,Sep,Peak (Jun-Sep),False
2010-10-01,201010,2010,10,4,Oct,"Shoulder (Apr-May, Oct)",False
2010-11-01,201011,2010,11,4,Nov,Low (Nov-Mar),False
2010-12-01,201012,2010,12,4,Dec,Low (Nov-Mar),False
2011-01-01,201101,2011,1,1,Jan,Low (Nov-Mar),False
2011-02-01,201102,2011,2,1,Feb,Low (Nov-Mar),False
2011-03-01,201103,2011,3,1,Mar,Low (Nov-Mar),False
2011-04-01,201104,2011,4,2,Apr,"Shoulder (Apr-May, Oct)",False
2011-05-01,201105,2011,5,2,May,"Shoulder (Apr-May, Oct)",False
2011-06-01,201106,2011,6,2,Jun,Peak (Jun-Sep),False
2011-07-01,201107,2011,7,3,Jul,Peak (Jun-Sep),False
2011-08-01,201108,2011,8,3,Aug,Peak (Jun-Sep),False
2011-09-01,201109,2011,9,3,Sep,Peak (Jun-Sep),False
2011-10-01,201110,2011,10,4,Oct,"Shoulder (Apr-May, Oct)",False
2011-11-01,201111,2011,11,4,Nov,Low (Nov-Mar),False
2011-12-01,201112,2011,12,4,Dec,Low (Nov-Mar),False
2012-01-01,201201,2012,1,1,Jan,Low (Nov-Mar),False
2012-02-01,201202,2012,2,1,Feb,Low (Nov-Mar),False
2012-03-01,201203,2012,3,1,Mar,Low (Nov-Mar),False
2012-04-01,201204,2012,4,2,Apr,"Shoulder (Apr-May, Oct)",False
2012-05-01,201205,2012,5,2,May,"Shoulder (Apr-May, Oct)",False
2012-06-01,201206,2012,6,2,Jun,Peak (Jun-Sep),False
2012-07-01,201207,2012,7,3,Jul,Peak (Jun-Sep),False
2012-08-01,201208,2012,8,3,Aug,Peak (Jun-Sep),False
2012-09-01,201209,2012,9,3,Sep,Peak (Jun-Sep),False
2012-10-01,201210,2012,10,4,Oct,"Shoulder (Apr-May, Oct)",False
2012-11-01,201211,2012,11,4,Nov,Low (Nov-Mar),False
2012-12-01,201212,2012,12,4,Dec,Low (Nov-Mar),False
2013-01-01,201301,2013,1,1,Jan,Low (Nov-Mar),False
2013-02-01,201302,2013,2,1,Feb,Low (Nov-Mar),False
2013-03-01,201303,2013,3,1,Mar,Low (Nov-Mar),False
2013-04-01,201304,2013,4,2,Apr,"Shoulder (Apr-May, Oct)",False
2013-05-01,201305,2013,5,2,May,"Shoulder (Apr-May, Oct)",False
2013-06-01,201306,2013,6,2,Jun,Peak (Jun-Sep),False
2013-07-01,201307,2013,7,3,Jul,Peak (Jun-Sep),False
2013-08-01,201308,2013,8,3,Aug,Peak (Jun-Sep),False
2013-09-01,201309,2013,9,3,Sep,Peak (Jun-Sep),False
2013-10-01,201310,2013,10,4,Oct,"Shoulder (Apr-May, Oct)",False
2013-11-01,201311,2013,11,4,Nov,Low (Nov-Mar),False
2013-12-01,201312,2013,12,4,Dec,Low (Nov-Mar),False
2014-01-01,201401,2014,1,1,Jan,Low (Nov-Mar),False
2014-02-01,201402,2014,2,1,Feb,Low (Nov-Mar),False
2014-03-01,201403,2014,3,1,Mar,Low (Nov-Mar),False
2014-04-01,201404,2014,4,2,Apr,"Shoulder (Apr-May, Oct)",False
2014-05-01,201405,2014,5,2,May,"Shoulder (Apr-May, Oct)",False
2014-06-01,201406,2014,6,2,Jun,Peak (Jun-Sep),False
2014-07-01,201407,2014,7,3,Jul,Peak (Jun-Sep),False
2014-08-01,201408,2014,8,3,Aug,Peak (Jun-Sep),False
2014-09-01,201409,2014,9,3,Sep,Peak (Jun-Sep),False
2014-10-01,201410,2014,10,4,Oct,"Shoulder (Apr-May, Oct)",False
2014-11-01,201411,2014,11,4,Nov,Low (Nov-Mar),False
2014-12-01,201412,2014,12,4,Dec,Low (Nov-Mar),False
2015-01-01,201501,2015,1,1,Jan,Low (Nov-Mar),False
2015-02-01,201502,2015,2,1,Feb,Low (Nov-Mar),False
2015-03-01,201503,2015,3,1,Mar,Low (Nov-Mar),False
2015-04-01,201504,2015,4,2,Apr,"Shoulder (Apr-May, Oct)",False
2015-05-01,201505,2015,5,2,May,"Shoulder (Apr-May, Oct)",False
2015-06-01,201506,2015,6,2,Jun,Peak (Jun-Sep),False
2015-07-01,201507,2015,7,3,Jul,Peak (Jun-Sep),False
2015-08-01,201508,2015,8,3,Aug,Peak (Jun-Sep),False
2015-09-01,201509,2015,9,3,Sep,Peak (Jun-Sep),False
2015-10-01,201510,2015,10,4,Oct,"Shoulder (Apr-May, Oct)",False
2015-11-01,201511,2015,11,4,Nov,Low (Nov-Mar),False
2015-12-01,201512,2015,12,4,Dec,Low (Nov-Mar),False
2016-01-01,201601,2016,1,1,Jan,Low (Nov-Mar),False
2016-02-01,201602,2016,2,1,Feb,Low (Nov-Mar),False
2016-03-01,201603,2016,3,1,Mar,Low (Nov-Mar),False
2016-04-01,201604,2016,4,2,Apr,"Shoulder (Apr-May, Oct)",False
2016-05-01,201605,2016,5,2,May,"Shoulder (Apr-May, Oct)",False
2016-06-01,201606,2016,6,2,Jun,Peak (Jun-Sep),False
2016-07-01,201607,2016,7,3,Jul,Peak (Jun-Sep),False
2016-08-01,201608,2016,8,3,Aug,Peak (Jun-Sep),False
2016-09-01,201609,2016,9,3,Sep,Peak (Jun-Sep),False
2016-10-01,201610,2016,10,4,Oct,"Shoulder (Apr-May, Oct)",False
2016-11-01,201611,2016,11,4,Nov,Low (Nov-Mar),False
2016-12-01,201612,2016,12,4,Dec,Low (Nov-Mar),False
2017-01-01,201701,2017,1,1,Jan,Low (Nov-Mar),False
2017-02-01,201702,2017,2,1,Feb,Low (Nov-Mar),False
2017-03-01,201703,2017,3,1,Mar,Low (Nov-Mar),False
2017-04-01,201704,2017,4,2,Apr,"Shoulder (Apr-May, Oct)",False
2017-05-01,201705,2017,5,2,May,"Shoulder (Apr-May, Oct)",False
2017-06-01,201706,2017,6,2,Jun,Peak (Jun-Sep),False
2017-07-01,201707,2017,7,3,Jul,Peak (Jun-Sep),False
2017-08-01,201708,2017,8,3,Aug,Peak (Jun-Sep),False
2017-09-01,201709,2017,9,3,Sep,Peak (Jun-Sep),False
2017-10-01,201710,2017,10,4,Oct,"Shoulder (Apr-May, Oct)",False
2017-11-01,201711,2017,11,4,Nov,Low (Nov-Mar),False
2017-12-01,201712,2017,12,4,Dec,Low (Nov-Mar),False
2018-01-01,201801,2018,1,1,Jan,Low (Nov-Mar),False
2018-02-01,201802,2018,2,1,Feb,Low (Nov-Mar),False
2018-03-01,201803,2018,3,1,Mar,Low (Nov-Mar),False
2018-04-01,201804,2018,4,2,Apr,"Shoulder (Apr-May, Oct)",False
2018-05-01,201805,2018,5,2,May,"Shoulder (Apr-May, Oct)",False
2018-06-01,201806,2018,6,2,Jun,Peak (Jun-Sep),False
2018-07-01,201807,2018,7,3,Jul,Peak (Jun-Sep),False
2018-08-01,201808,2018,8,3,Aug,Peak (Jun-Sep),False
2018-09-01,201809,2018,9,3,Sep,Peak (Jun-Sep),False
2018-10-01,201810,2018,10,4,Oct,"Shoulder (Apr-May, Oct)",False
2018-11-01,201811,2018,11,4,Nov,Low (Nov-Mar),False
2018-12-01,201812,2018,12,4,Dec,Low (Nov-Mar),False
2019-01-01,201901,2019,1,1,Jan,Low (Nov-Mar),False
2019-02-01,201902,2019,2,1,Feb,Low (Nov-Mar),False
2019-03-01,201903,2019,3,1,Mar,Low (Nov-Mar),False
2019-04-01,201904,2019,4,2,Apr,"Shoulder (Apr-May, Oct)",False
2019-05-01,201905,2019,5,2,May,"Shoulder (Apr-May, Oct)",False
2019-06-01,201906,2019,6,2,Jun,Peak (Jun-Sep),False
2019-07-01,201907,2019,7,3,Jul,Peak (Jun-Sep),False
2019-08-01,201908,2019,8,3,Aug,Peak (Jun-Sep),False
2019-09-01,201909,2019,9,3,Sep,Peak (Jun-Sep),False
2019-10-01,201910,2019,10,4,Oct,"Shoulder (Apr-May, Oct)",False
2019-11-01,201911,2019,11,4,Nov,Low (Nov-Mar),False
2019-12-01,201912,2019,12,4,Dec,Low (Nov-Mar),False
2020-01-01,202001,2020,1,1,Jan,Low (Nov-Mar),False
2020-02-01,202002,2020,2,1,Feb,Low (Nov-Mar),False
2020-03-01,202003,2020,3,1,Mar,Low (Nov-Mar),True
2020-04-01,202004,2020,4,2,Apr,"Shoulder (Apr-May, Oct)",True
2020-05-01,202005,2020,5,2,May,"Shoulder (Apr-May, Oct)",True
2020-06-01,202006,2020,6,2,Jun,Peak (Jun-Sep),True
2020-07-01,202007,2020,7,3,Jul,Peak (Jun-Sep),True
2020-08-01,202008,2020,8,3,Aug,Peak (Jun-Sep),True
2020-09-01,202009,2020,9,3,Sep,Peak (Jun-Sep),True
2020-10-01,202010,2020,10,4,Oct,"Shoulder (Apr-May, Oct)",True
2020-11-01,202011,2020,11,4,Nov,Low (Nov-Mar),True
2020-12-01,202012,2020,12,4,Dec,Low (Nov-Mar),True
2021-01-01,202101,2021,1,1,Jan,Low (Nov-Mar),True
2021-02-01,202102,2021,2,1,Feb,Low (Nov-Mar),True
2021-03-01,202103,2021,3,1,Mar,Low (Nov-Mar),True
2021-04-01,202104,2021,4,2,Apr,"Shoulder (Apr-May, Oct)",True
2021-05-01,202105,2021,5,2,May,"Shoulder (Apr-May, Oct)",True
2021-06-01,202106,2021,6,2,Jun,Peak (Jun-Sep),True
2021-07-01,202107,2021,7,3,Jul,Peak (Jun-Sep),True
2021-08-01,202108,2021,8,3,Aug,Peak (Jun-Sep),True
2021-09-01,202109,2021,9,3,Sep,Peak (Jun-Sep),True
2021-10-01,202110,2021,10,4,Oct,"Shoulder (Apr-May, Oct)",True
2021-11-01,202111,2021,11,4,Nov,Low (Nov-Mar),True
2021-12-01,202112,2021,12,4,Dec,Low (Nov-Mar),True
2022-01-01,202201,2022,1,1,Jan,Low (Nov-Mar),False
2022-02-01,202202,2022,2,1,Feb,Low (Nov-Mar),False
2022-03-01,202203,2022,3,1,Mar,Low (Nov-Mar),False
2022-04-01,202204,2022,4,2,Apr,"Shoulder (Apr-May, Oct)",False
2022-05-01,202205,2022,5,2,May,"Shoulder (Apr-May, Oct)",False
2022-06-01,202206,2022,6,2,Jun,Peak (Jun-Sep),False
2022-07-01,202207,2022,7,3,Jul,Peak (Jun-Sep),False
2022-08-01,202208,2022,8,3,Aug,Peak (Jun-Sep),False
2022-09-01,202209,2022,9,3,Sep,Peak (Jun-Sep),False
2022-10-01,202210,2022,10,4,Oct,"Shoulder (Apr-May, Oct)",False
2022-11-01,202211,2022,11,4,Nov,Low (Nov-Mar),False
2022-12-01,202212,2022,12,4,Dec,Low (Nov-Mar),False
2023-01-01,202301,2023,1,1,Jan,Low (Nov-Mar),False
2023-02-01,202302,2023,2,1,Feb,Low (Nov-Mar),False
2023-03-01,202303,2023,3,1,Mar,Low (Nov-Mar),False
2023-04-01,202304,2023,4,2,Apr,"Shoulder (Apr-May, Oct)",False
2023-05-01,202305,2023,5,2,May,"Shoulder (Apr-May, Oct)",False
2023-06-01,202306,2023,6,2,Jun,Peak (Jun-Sep),False
2023-07-01,202307,2023,7,3,Jul,Peak (Jun-Sep),False
2023-08-01,202308,2023,8,3,Aug,Peak (Jun-Sep),False
2023-09-01,202309,2023,9,3,Sep,Peak (Jun-Sep),False
2023-10-01,202310,2023,10,4,Oct,"Shoulder (Apr-May, Oct)",False
2023-11-01,202311,2023,11,4,Nov,Low (Nov-Mar),False
2023-12-01,202312,2023,12,4,Dec,Low (Nov-Mar),False
2024-01-01,202401,2024,1,1,Jan,Low (Nov-Mar),False
2024-02-01,202402,2024,2,1,Feb,Low (Nov-Mar),False
2024-03-01,202403,2024,3,1,Mar,Low (Nov-Mar),False
2024-04-01,202404,2024,4,2,Apr,"Shoulder (Apr-May, Oct)",False
2024-05-01,202405,2024,5,2,May,"Shoulder (Apr-May, Oct)",False
2024-06-01,202406,2024,6,2,Jun,Peak (Jun-Sep),False
2024-07-01,202407,2024,7,3,Jul,Peak (Jun-Sep),False
2024-08-01,202408,2024,8,3,Aug,Peak (Jun-Sep),False
2024-09-01,202409,2024,9,3,Sep,Peak (Jun-Sep),False
2024-10-01,202410,2024,10,4,Oct,"Shoulder (Apr-May, Oct)",False
2024-11-01,202411,2024,11,4,Nov,Low (Nov-Mar),False
2024-12-01,202412,2024,12,4,Dec,Low (Nov-Mar),False
2025-01-01,202501,2025,1,1,Jan,Low (Nov-Mar),False
2025-02-01,202502,2025,2,1,Feb,Low (Nov-Mar),False
2025-03-01,202503,2025,3,1,Mar,Low (Nov-Mar),False
2025-04-01,202504,2025,4,2,Apr,"Shoulder (Apr-May, Oct)",False
2025-05-01,202505,2025,5,2,May,"Shoulder (Apr-May, Oct)",False
2025-06-01,202506,2025,6,2,Jun,Peak (Jun-Sep),False
2025-07-01,202507,2025,7,3,Jul,Peak (Jun-Sep),False
2025-08-01,202508,2025,8,3,Aug,Peak (Jun-Sep),False
2025-09-01,202509,2025,9,3,Sep,Peak (Jun-Sep),False
2025-10-01,202510,2025,10,4,Oct,"Shoulder (Apr-May, Oct)",False
2025-11-01,202511,2025,11,4,Nov,Low (Nov-Mar),False
2025-12-01,202512,2025,12,4,Dec,Low (Nov-Mar),False
2026-01-01,202601,2026,1,1,Jan,Low (Nov-Mar),False
2026-02-01,202602,2026,2,1,Feb,Low (Nov-Mar),False
2026-03-01,202603,2026,3,1,Mar,Low (Nov-Mar),False
2026-04-01,202604,2026,4,2,Apr,"Shoulder (Apr-May, Oct)",False
2026-05-01,202605,2026,5,2,May,"Shoulder (Apr-May, Oct)",False
2026-06-01,202606,2026,6,2,Jun,Peak (Jun-Sep),False
2026-07-01,202607,2026,7,3,Jul,Peak (Jun-Sep),False
2026-08-01,202608,2026,8,3,Aug,Peak (Jun-Sep),False
