date_key,region_key,tourists,spend_meur,spend_per_tourist_eur,spend_per_day_eur,avg_stay_days
201510,1,996515.0,1048.87,1053.0,97.0,10.84
201510,2,991830.0,932.69,940.0,116.0,8.12
201510,3,1094268.0,1149.71,1051.0,122.0,8.62
201510,4,1521926.0,1392.79,915.0,146.0,6.27
201510,5,562247.0,702.92,1250.0,239.0,5.23
201510,6,6432341.0,6280.63,976.0,120.0,8.12
201510,7,624144.0,547.51,877.0,86.0,10.19
201511,1,487964.0,530.29,1087.0,104.0,10.48
201511,2,125595.0,130.99,1043.0,104.0,10.06
201511,3,1103158.0,1244.74,1128.0,131.0,8.63
201511,4,1029270.0,963.89,936.0,139.0,6.73
201511,5,371205.0,453.51,1222.0,216.0,5.64
201511,6,3754802.0,3872.84,1031.0,130.0,7.95
201511,7,319290.0,282.48,885.0,105.0,8.42
201512,1,446806.0,554.09,1240.0,76.0,16.23
201512,2,95914.0,98.68,1029.0,107.0,9.62
201512,3,1054142.0,1198.24,1137.0,131.0,8.69
201512,4,890133.0,867.26,974.0,141.0,6.91
201512,5,332461.0,402.23,1210.0,215.0,5.62
201512,6,3512914.0,3773.27,1074.0,116.0,9.25
201512,7,320260.0,314.31,981.0,93.0,10.59
201601,1,453459.0,508.57,1122.0,94.0,11.91
201601,2,102379.0,96.55,943.0,108.0,8.71
201601,3,1108379.0,1272.47,1148.0,129.0,8.89
201601,4,865842.0,830.87,960.0,154.0,6.23
201601,5,397420.0,465.09,1170.0,167.0,7.0
201601,6,3526537.0,3737.26,1060.0,122.0,8.7
201601,7,318136.0,308.13,969.0,90.0,10.73
201602,1,493279.0,486.69,987.0,92.0,10.76
201602,2,164735.0,170.04,1032.0,131.0,7.9
201602,3,1114746.0,1261.36,1132.0,128.0,8.83
201602,4,930354.0,832.11,894.0,165.0,5.42
201602,5,332794.0,417.44,1254.0,230.0,5.46
201602,6,3678726.0,3706.27,1007.0,129.0,7.81
201602,7,349586.0,319.12,913.0,93.0,9.78
201603,1,683760.0,720.63,1054.0,101.0,10.45
201603,2,391922.0,356.42,909.0,129.0,7.03
201603,3,1206148.0,1368.6,1135.0,128.0,8.88
201603,4,1076434.0,928.09,862.0,178.0,4.85
201603,5,379512.0,524.86,1383.0,222.0,6.24
201603,6,4627206.0,4624.47,999.0,131.0,7.62
201603,7,480476.0,428.19,891.0,99.0,9.0
201604,1,967258.0,991.56,1025.0,111.0,9.27
201604,2,770338.0,664.6,863.0,129.0,6.67
201604,3,1064849.0,1122.64,1054.0,121.0,8.72
201604,4,1483021.0,1223.54,825.0,173.0,4.77
201604,5,600945.0,669.34,1114.0,213.0,5.22
201604,6,6086327.0,5627.99,925.0,130.0,7.11
201604,7,643239.0,584.71,909.0,97.0,9.39
201605,1,1091989.0,1143.03,1047.0,126.0,8.31
201605,2,1612832.0,1456.62,903.0,141.0,6.43
201605,3,899045.0,981.78,1092.0,131.0,8.32
201605,4,1630433.0,1528.96,938.0,190.0,4.93
201605,5,559893.0,740.33,1322.0,237.0,5.58
201605,6,7111154.0,6917.93,973.0,142.0,6.86
201605,7,767289.0,636.84,830.0,91.0,9.09
201606,1,1057266.0,1148.96,1087.0,119.0,9.15
201606,2,1945565.0,1874.36,963.0,137.0,7.03
201606,3,936941.0,992.78,1060.0,128.0,8.28
201606,4,1850823.0,1786.82,965.0,181.0,5.34
201606,5,455275.0,751.84,1651.0,208.0,7.94
201606,6,7552758.0,7817.41,1035.0,136.0,7.6
201606,7,729855.0,694.84,952.0,94.0,10.1
201607,1,1211907.0,1270.92,1049.0,108.0,9.75
201607,2,2359490.0,2591.32,1098.0,149.0,7.35
201607,3,1140679.0,1362.79,1195.0,139.0,8.59
201607,4,2394803.0,2510.37,1048.0,152.0,6.89
201607,5,514073.0,790.42,1538.0,185.0,8.33
201607,6,9545792.0,10238.54,1073.0,131.0,8.2
201607,7,1040949.0,1013.35,973.0,85.0,11.49
201608,1,1374753.0,1434.18,1043.0,100.0,10.44
201608,2,2292425.0,2504.59,1093.0,138.0,7.9
201608,3,1111644.0,1351.88,1216.0,128.0,9.5
201608,4,2501193.0,2401.5,960.0,130.0,7.37
201608,5,491071.0,644.43,1312.0,181.0,7.25
201608,6,10027471.0,10281.98,1025.0,117.0,8.76
201608,7,1117241.0,1137.94,1019.0,83.0,12.22
201609,1,1117892.0,1186.24,1061.0,113.0,9.37
201609,2,1861414.0,1825.36,981.0,135.0,7.25
201609,3,994235.0,1126.13,1133.0,130.0,8.73
201609,4,1876937.0,2039.46,1087.0,178.0,6.11
201609,5,581127.0,749.21,1289.0,220.0,5.85
201609,6,7932607.0,8399.31,1059.0,135.0,7.86
201609,7,779057.0,818.58,1051.0,97.0,10.89
201610,1,1094199.0,1208.36,1104.0,136.0,8.11
201610,2,1242445.0,1210.3,974.0,122.0,7.99
201610,3,1270466.0,1437.55,1132.0,136.0,8.32
201610,4,1562897.0,1467.1,939.0,175.0,5.37
201610,5,584304.0,794.02,1359.0,221.0,6.14
201610,6,7137723.0,7333.85,1027.0,136.0,7.55
201610,7,761381.0,678.74,891.0,88.0,10.14
201611,1,548318.0,570.24,1040.0,119.0,8.76
201611,2,152665.0,141.38,926.0,137.0,6.78
201611,3,1162023.0,1314.59,1131.0,136.0,8.31
201611,4,1009971.0,977.77,968.0,171.0,5.67
201611,5,454904.0,518.71,1140.0,212.0,5.38
201611,6,4098262.0,4205.06,1026.0,138.0,7.43
201611,7,377912.0,370.88,981.0,95.0,10.35
201612,1,495562.0,649.54,1311.0,98.0,13.37
201612,2,101338.0,114.11,1126.0,108.0,10.46
201612,3,1250412.0,1477.69,1182.0,128.0,9.2
201612,4,956468.0,940.18,983.0,146.0,6.75
201612,5,431820.0,531.71,1231.0,213.0,5.78
201612,6,3990446.0,4525.45,1134.0,124.0,9.15
201612,7,366649.0,446.01,1216.0,100.0,12.1
201701,1,522009.0,568.47,1089.0,96.0,11.38
201701,2,107156.0,102.47,956.0,114.0,8.36
201701,3,1193435.0,1415.72,1186.0,134.0,8.88
201701,4,846213.0,820.18,969.0,163.0,5.93
201701,5,489884.0,630.57,1287.0,203.0,6.35
201701,6,3905736.0,4262.99,1091.0,129.0,8.45
201701,7,402914.0,392.13,973.0,92.0,10.6
201702,1,584543.0,594.14,1016.0,99.0,10.29
201702,2,162771.0,147.42,906.0,130.0,6.97
201702,3,1183979.0,1400.1,1183.0,128.0,9.26
201702,4,989198.0,926.77,937.0,156.0,6.0
201702,5,450927.0,544.17,1207.0,234.0,5.16
201702,6,4119137.0,4304.73,1045.0,132.0,7.93
201702,7,429384.0,425.36,991.0,105.0,9.48
201703,1,720603.0,814.43,1130.0,104.0,10.83
201703,2,325442.0,297.17,913.0,138.0,6.61
201703,3,1283939.0,1510.69,1177.0,141.0,8.32
201703,4,1155003.0,1057.89,916.0,196.0,4.68
201703,5,478054.0,552.8,1156.0,239.0,4.85
201703,6,4913943.0,5109.49,1040.0,141.0,7.39
201703,7,526701.0,516.26,980.0,102.0,9.62
201704,1,1044661.0,1097.25,1050.0,124.0,8.45
201704,2,998445.0,907.48,909.0,138.0,6.58
201704,3,1255062.0,1347.77,1074.0,130.0,8.29
201704,4,1755019.0,1499.69,855.0,176.0,4.85
201704,5,672738.0,800.1,1189.0,225.0,5.3
201704,6,7081594.0,6782.08,958.0,139.0,6.9
201704,7,749885.0,648.89,865.0,96.0,8.99
201705,1,1176002.0,1238.78,1053.0,121.0,8.74
201705,2,1717352.0,1617.35,942.0,148.0,6.35
201705,3,993431.0,1120.45,1128.0,137.0,8.25
201705,4,1920946.0,1820.0,947.0,184.0,5.14
201705,5,624915.0,829.13,1327.0,227.0,5.84
201705,6,8002648.0,7927.07,991.0,145.0,6.84
201705,7,918843.0,761.08,828.0,100.0,8.26
201706,1,1164980.0,1324.55,1137.0,118.0,9.61
201706,2,2101520.0,2132.83,1015.0,145.0,7.01
201706,3,1034652.0,1113.06,1076.0,133.0,8.06
201706,4,2026356.0,2113.55,1043.0,189.0,5.52
201706,5,594801.0,905.56,1522.0,209.0,7.27
201706,6,8431975.0,8987.77,1066.0,143.0,7.46
201706,7,873923.0,780.27,893.0,98.0,9.1
201707,1,1356267.0,1600.03,1180.0,119.0,9.9
201707,2,2484880.0,2910.93,1171.0,157.0,7.45
201707,3,1186481.0,1493.93,1259.0,148.0,8.5
201707,4,2557125.0,2805.82,1097.0,159.0,6.91
201707,5,579523.0,850.21,1467.0,210.0,6.99
201707,6,10493438.0,11850.99,1129.0,139.0,8.11
201707,7,1217502.0,1242.73,1021.0,96.0,10.69
201708,1,1422593.0,1543.01,1085.0,112.0,9.69
201708,2,2352198.0,2779.97,1182.0,144.0,8.18
201708,3,1165967.0,1517.05,1301.0,140.0,9.27
201708,4,2567612.0,2654.65,1034.0,137.0,7.57
201708,5,530335.0,749.95,1414.0,195.0,7.27
201708,6,10397745.0,11340.29,1091.0,126.0,8.65
201708,7,1158902.0,1262.7,1090.0,92.0,11.85
201709,1,1327059.0,1434.84,1081.0,126.0,8.59
201709,2,2009288.0,2079.6,1035.0,143.0,7.25
201709,3,1111400.0,1287.18,1158.0,136.0,8.49
201709,4,1999689.0,2170.24,1085.0,183.0,5.93
201709,5,639120.0,870.1,1361.0,227.0,6.0
201709,6,8877270.0,9476.29,1067.0,143.0,7.48
201709,7,982638.0,945.82,963.0,101.0,9.55
201710,1,1119427.0,1233.58,1102.0,131.0,8.4
201710,2,1256543.0,1333.27,1061.0,131.0,8.09
201710,3,1309652.0,1527.06,1166.0,141.0,8.25
201710,4,1497032.0,1549.21,1035.0,186.0,5.56
201710,5,628904.0,835.19,1328.0,245.0,5.42
201710,6,7269931.0,7789.23,1071.0,143.0,7.47
201710,7,812655.0,743.57,915.0,94.0,9.72
201711,1,569632.0,612.92,1076.0,107.0,10.01
201711,2,177426.0,175.89,991.0,120.0,8.3
201711,3,1239853.0,1511.15,1219.0,143.0,8.52
201711,4,981462.0,928.63,946.0,184.0,5.14
201711,5,534430.0,638.0,1194.0,221.0,5.41
201711,6,4392575.0,4642.35,1057.0,138.0,7.65
201711,7,452023.0,415.77,920.0,91.0,10.12
201712,1,510486.0,610.86,1197.0,96.0,12.47
201712,2,99275.0,115.52,1164.0,123.0,9.45
201712,3,1256370.0,1539.42,1225.0,141.0,8.67
201712,4,822765.0,877.47,1066.0,153.0,6.95
201712,5,476155.0,649.31,1364.0,215.0,6.34
201712,6,3982530.0,4530.66,1138.0,127.0,8.99
201712,7,400590.0,394.24,984.0,81.0,12.12
201801,1,538026.0,597.05,1110.0,102.0,10.83
201801,2,119437.0,113.08,947.0,113.0,8.36
201801,3,1183486.0,1446.97,1223.0,143.0,8.52
201801,4,864798.0,904.24,1046.0,174.0,6.02
201801,5,536137.0,644.1,1201.0,182.0,6.62
201801,6,4106601.0,4524.43,1102.0,132.0,8.37
201801,7,450874.0,435.28,965.0,91.0,10.61
201802,1,579798.0,660.49,1139.0,102.0,11.15
201802,2,156311.0,154.1,986.0,126.0,7.85
201802,3,1192866.0,1418.82,1189.0,139.0,8.58
201802,4,1015793.0,1023.49,1008.0,199.0,5.07
201802,5,485810.0,555.52,1143.0,245.0,4.67
201802,6,4218047.0,4535.94,1075.0,141.0,7.63
201802,7,449519.0,437.54,973.0,108.0,9.0
201803,1,787749.0,900.66,1143.0,108.0,10.56
201803,2,401293.0,398.01,992.0,144.0,6.9
201803,3,1347702.0,1611.31,1196.0,139.0,8.58
201803,4,1217330.0,1145.32,941.0,203.0,4.63
201803,5,560178.0,655.29,1170.0,259.0,4.52
201803,6,5393186.0,5726.73,1062.0,142.0,7.49
201803,7,625460.0,607.35,971.0,100.0,9.73
201804,1,1044566.0,1002.42,960.0,120.0,8.02
201804,2,930679.0,843.11,906.0,152.0,5.96
201804,3,1103003.0,1295.13,1174.0,142.0,8.26
201804,4,1570899.0,1512.09,963.0,189.0,5.1
201804,5,631303.0,774.47,1227.0,264.0,4.65
201804,6,6780378.0,6621.53,977.0,144.0,6.77
201804,7,769612.0,675.07,877.0,93.0,9.43
201805,1,1193716.0,1227.53,1028.0,118.0,8.71
201805,2,1708101.0,1645.7,963.0,159.0,6.07
201805,3,967209.0,1166.2,1206.0,142.0,8.46
201805,4,1885365.0,1905.15,1010.0,200.0,5.04
201805,5,659045.0,795.82,1208.0,239.0,5.06
201805,6,8086048.0,8155.06,1009.0,149.0,6.76
201805,7,910651.0,784.96,862.0,103.0,8.38
201806,1,1168948.0,1271.05,1087.0,124.0,8.8
201806,2,2121434.0,2137.62,1008.0,155.0,6.51
201806,3,1001434.0,1167.32,1166.0,147.0,7.95
201806,4,2104373.0,2385.91,1134.0,197.0,5.74
201806,5,603147.0,939.51,1558.0,242.0,6.44
201806,6,8554306.0,9370.81,1095.0,151.0,7.26
201806,7,901232.0,848.2,941.0,91.0,10.3
201807,1,1327577.0,1586.08,1195.0,132.0,9.08
201807,2,2429816.0,2841.43,1169.0,175.0,6.67
201807,3,1120219.0,1528.22,1364.0,156.0,8.73
201807,4,2427842.0,2900.18,1195.0,178.0,6.69
201807,5,619516.0,891.81,1440.0,246.0,5.86
201807,6,10020246.0,11748.1,1172.0,152.0,7.7
201807,7,1132280.0,1194.66,1055.0,102.0,10.3
201808,1,1424410.0,1527.78,1073.0,121.0,8.89
201808,2,2297469.0,2779.86,1210.0,162.0,7.46
201808,3,1098384.0,1514.7,1379.0,156.0,8.83
201808,4,2433300.0,2726.27,1120.0,162.0,6.94
201808,5,507079.0,719.38,1419.0,226.0,6.29
201808,6,10175761.0,11459.69,1126.0,139.0,8.09
201808,7,1175555.0,1274.27,1084.0,95.0,11.37
201809,1,1319350.0,1386.97,1051.0,132.0,7.99
201809,2,2031600.0,2128.65,1048.0,150.0,6.96
201809,3,1039221.0,1318.3,1269.0,143.0,8.85
201809,4,2007474.0,2185.81,1089.0,192.0,5.66
201809,5,697128.0,879.67,1262.0,261.0,4.83
201809,6,8932308.0,9545.81,1069.0,147.0,7.29
201809,7,1005841.0,967.51,962.0,99.0,9.76
201810,1,1140163.0,1209.02,1060.0,132.0,8.03
201810,2,1284111.0,1344.61,1047.0,143.0,7.33
201810,3,1257744.0,1521.29,1210.0,144.0,8.37
201810,4,1665215.0,1710.04,1027.0,208.0,4.94
201810,5,709987.0,980.12,1380.0,274.0,5.04
201810,6,7649860.0,8164.58,1067.0,151.0,7.08
201810,7,861013.0,784.68,911.0,97.0,9.35
201811,1,604357.0,639.49,1058.0,132.0,8.03
201811,2,188018.0,183.38,975.0,120.0,8.16
201811,3,1184564.0,1493.28,1261.0,152.0,8.28
201811,4,1034633.0,1017.12,983.0,180.0,5.46
201811,5,603691.0,730.24,1210.0,245.0,4.94
201811,6,4536873.0,4888.55,1078.0,154.0,7.01
201811,7,497041.0,471.74,949.0,110.0,8.65
201812,1,552595.0,632.85,1145.0,107.0,10.71
201812,2,183329.0,187.64,1023.0,138.0,7.42
201812,3,1256190.0,1630.73,1298.0,147.0,8.82
201812,4,969322.0,1062.14,1096.0,161.0,6.8
201812,5,526753.0,716.93,1361.0,244.0,5.57
201812,6,4354798.0,5009.52,1150.0,137.0,8.42
201812,7,427830.0,438.72,1025.0,85.0,12.08
201901,1,574761.0,596.04,1037.0,108.0,9.62
201901,2,141922.0,135.24,953.0,125.0,7.62
201901,3,1158782.0,1465.22,1264.0,145.0,8.72
201901,4,910329.0,943.9,1037.0,177.0,5.87
201901,5,584339.0,769.24,1316.0,196.0,6.7
201901,6,4195641.0,4678.67,1115.0,139.0,8.05
201901,7,413553.0,438.43,1060.0,100.0,10.65
201902,1,626983.0,621.42,991.0,115.0,8.6
201902,2,184351.0,168.47,914.0,146.0,6.25
201902,3,1179673.0,1445.74,1226.0,144.0,8.53
201902,4,1030292.0,1013.9,984.0,195.0,5.06
201902,5,499245.0,630.83,1264.0,235.0,5.37
201902,6,4380504.0,4658.61,1063.0,148.0,7.19
201902,7,459309.0,475.32,1035.0,105.0,9.9
201903,1,842934.0,884.26,1049.0,109.0,9.6
201903,2,365813.0,355.34,971.0,165.0,5.88
201903,3,1340619.0,1743.75,1301.0,143.0,9.12
201903,4,1280871.0,1238.47,967.0,198.0,4.89
201903,5,683364.0,823.15,1205.0,291.0,4.15
201903,6,5649577.0,6034.87,1068.0,151.0,7.09
201903,7,648462.0,634.76,979.0,111.0,8.78
201904,1,1131483.0,985.77,871.0,118.0,7.39
201904,2,1081557.0,991.38,917.0,152.0,6.03
201904,3,1105470.0,1386.38,1254.0,146.0,8.58
201904,4,1671426.0,1645.26,984.0,198.0,4.98
201904,5,640694.0,834.66,1303.0,303.0,4.3
201904,6,7146033.0,7056.36,987.0,154.0,6.4
201904,7,826158.0,715.31,866.0,108.0,7.98
201905,1,1204749.0,1174.9,975.0,123.0,7.93
201905,2,1701167.0,1607.48,945.0,169.0,5.59
201905,3,888777.0,1070.33,1204.0,152.0,7.93
201905,4,1835129.0,2001.02,1090.0,212.0,5.15
201905,5,758323.0,988.6,1304.0,267.0,4.87
201905,6,7919204.0,8137.84,1028.0,164.0,6.27
201905,7,857711.0,746.28,870.0,119.0,7.31
201906,1,1243394.0,1240.0,997.0,128.0,7.81
201906,2,2065353.0,2146.86,1039.0,159.0,6.54
201906,3,931782.0,1137.48,1221.0,149.0,8.18
201906,4,2176726.0,2514.58,1155.0,217.0,5.33
201906,5,702026.0,1077.27,1535.0,311.0,4.93
201906,6,8833893.0,9686.12,1096.0,164.0,6.71
201906,7,938591.0,920.02,980.0,110.0,8.93
201907,1,1256656.0,1400.59,1115.0,135.0,8.26
201907,2,2344094.0,2885.74,1231.0,171.0,7.22
201907,3,1031598.0,1488.17,1443.0,162.0,8.91
201907,4,2378593.0,2989.37,1257.0,199.0,6.32
201907,5,626031.0,964.54,1541.0,271.0,5.68
201907,6,9873270.0,11941.51,1209.0,160.0,7.55
201907,7,1243375.0,1362.61,1096.0,109.0,10.04
201908,1,1403701.0,1540.54,1097.0,127.0,8.66
201908,2,2256991.0,2797.16,1239.0,168.0,7.39
201908,3,1040312.0,1494.0,1436.0,159.0,9.05
201908,4,2363331.0,2775.53,1174.0,176.0,6.67
201908,5,542359.0,757.14,1396.0,277.0,5.03
201908,6,10118366.0,11704.76,1157.0,147.0,7.88
201908,7,1270706.0,1417.09,1115.0,104.0,10.72
201909,1,1375342.0,1358.57,988.0,133.0,7.4
201909,2,2006475.0,2127.78,1060.0,163.0,6.49
201909,3,952069.0,1223.32,1285.0,150.0,8.58
201909,4,2011704.0,2277.48,1132.0,187.0,6.05
201909,5,667799.0,944.18,1414.0,270.0,5.24
201909,6,8845152.0,9617.21,1087.0,152.0,7.13
201909,7,1011901.0,1010.16,998.0,100.0,9.95
201910,1,1191120.0,1269.13,1065.0,133.0,8.03
201910,2,1224498.0,1297.01,1059.0,153.0,6.94
201910,3,1143699.0,1426.93,1248.0,149.0,8.35
201910,4,1676430.0,1867.98,1114.0,221.0,5.05
201910,5,742086.0,1005.01,1354.0,303.0,4.47
201910,6,7587749.0,8322.55,1097.0,161.0,6.81
201910,7,870088.0,836.77,962.0,111.0,8.67
201911,1,614169.0,673.02,1096.0,129.0,8.51
201911,2,182713.0,188.21,1030.0,127.0,8.09
201911,3,1173313.0,1482.99,1264.0,157.0,8.05
201911,4,1047153.0,970.17,926.0,200.0,4.62
201911,5,665927.0,862.95,1296.0,265.0,4.89
201911,6,4655021.0,5062.63,1088.0,161.0,6.74
201911,7,541121.0,518.38,958.0,126.0,7.63
201912,1,557861.0,668.73,1199.0,116.0,10.34
201912,2,124847.0,142.72,1143.0,138.0,8.27
201912,3,1200768.0,1490.01,1241.0,152.0,8.17
201912,4,993169.0,1081.08,1089.0,193.0,5.63
201912,5,528787.0,796.17,1506.0,274.0,5.5
201912,6,4304741.0,5010.84,1164.0,149.0,7.8
201912,7,454520.0,477.92,1051.0,100.0,10.47
202001,1,605451.0,671.67,1109.0,108.0,10.24
202001,2,103772.0,107.12,1032.0,129.0,7.98
202001,3,1101164.0,1421.81,1291.0,152.0,8.47
202001,4,870157.0,905.9,1041.0,189.0,5.52
202001,5,611184.0,871.74,1426.0,215.0,6.64
202001,6,4133024.0,4767.31,1153.0,145.0,7.97
202001,7,433023.0,446.48,1031.0,106.0,9.77
202002,1,626653.0,665.6,1062.0,125.0,8.5
202002,2,185554.0,177.34,956.0,137.0,6.95
202002,3,1170238.0,1429.64,1222.0,156.0,7.86
202002,4,966356.0,993.61,1028.0,184.0,5.59
202002,5,518594.0,659.6,1272.0,244.0,5.21
202002,6,4427344.0,4789.29,1082.0,152.0,7.13
202002,7,528712.0,529.39,1001.0,113.0,8.85
202003,1,298332.0,332.91,1116.0,126.0,8.88
202003,2,115784.0,104.77,905.0,159.0,5.68
202003,3,459546.0,608.38,1324.0,149.0,8.9
202003,4,399140.0,398.72,999.0,191.0,5.22
202003,5,250316.0,321.05,1283.0,296.0,4.34
202003,6,1997262.0,2173.73,1088.0,154.0,7.08
202003,7,248509.0,244.89,985.0,106.0,9.27
202004,1,0.0,0.0,0.0,0.0,0.0
202004,2,0.0,0.0,0.0,0.0,0.0
202004,3,0.0,0.0,0.0,0.0,0.0
202004,4,0.0,0.0,0.0,0.0,0.0
202004,5,0.0,0.0,0.0,0.0,0.0
202004,6,0.0,0.0,0.0,0.0,0.0
202004,7,0.0,0.0,0.0,0.0,0.0
202005,1,0.0,0.0,0.0,0.0,0.0
202005,2,0.0,0.0,0.0,0.0,0.0
202005,3,0.0,0.0,0.0,0.0,0.0
202005,4,0.0,0.0,0.0,0.0,0.0
202005,5,0.0,0.0,0.0,0.0,0.0
202005,6,0.0,0.0,0.0,0.0,0.0
202005,7,0.0,0.0,0.0,0.0,0.0
202006,1,13997.0,9.93,709.0,121.0,5.84
202006,2,28388.0,27.65,974.0,124.0,7.83
202006,3,2826.0,3.8,1346.0,135.0,9.96
202006,4,76780.0,38.86,506.0,105.0,4.84
202006,5,20221.0,15.38,760.0,125.0,6.06
202006,6,204272.0,133.89,655.0,109.0,6.01
202006,7,31385.0,18.24,581.0,72.0,8.08
202007,1,359754.0,351.66,978.0,110.0,8.88
202007,2,588448.0,639.49,1087.0,143.0,7.62
202007,3,215600.0,276.02,1280.0,136.0,9.39
202007,4,436941.0,428.0,980.0,141.0,6.96
202007,5,76258.0,114.04,1495.0,233.0,6.43
202007,6,2464779.0,2457.94,997.0,124.0,8.03
202007,7,383051.0,380.29,993.0,95.0,10.43
202008,1,363850.0,386.57,1062.0,113.0,9.4
202008,2,453636.0,530.07,1168.0,150.0,7.8
202008,3,240666.0,340.89,1416.0,158.0,8.99
202008,4,458349.0,435.07,949.0,140.0,6.78
202008,5,60772.0,82.19,1352.0,253.0,5.35
202008,6,2440978.0,2456.85,1007.0,117.0,8.59
202008,7,429850.0,407.89,949.0,80.0,11.89
202009,1,179190.0,164.12,916.0,99.0,9.3
202009,2,119145.0,121.62,1021.0,129.0,7.91
202009,3,92548.0,122.28,1321.0,144.0,9.19
202009,4,275206.0,186.98,679.0,110.0,6.2
202009,5,48085.0,64.37,1339.0,211.0,6.35
202009,6,1138868.0,964.49,847.0,107.0,7.92
202009,7,185154.0,162.06,875.0,76.0,11.49
202010,1,143610.0,151.16,1053.0,104.0,10.14
202010,2,84194.0,82.94,985.0,107.0,9.16
202010,3,136911.0,157.99,1154.0,135.0,8.58
202010,4,231004.0,136.82,592.0,108.0,5.49
202010,5,39638.0,61.26,1546.0,274.0,5.64
202010,6,1020773.0,864.49,847.0,106.0,7.97
202010,7,177332.0,156.56,883.0,85.0,10.4
202011,1,49175.0,60.62,1233.0,102.0,12.13
202011,2,20103.0,22.56,1122.0,112.0,9.99
202011,3,160665.0,198.21,1234.0,144.0,8.58
202011,4,58838.0,44.19,751.0,119.0,6.31
202011,5,45352.0,56.18,1239.0,211.0,5.86
202011,6,456814.0,481.98,1055.0,124.0,8.48
202011,7,53870.0,50.1,930.0,90.0,10.29
202012,1,60600.0,80.9,1335.0,87.0,15.26
202012,2,22099.0,25.29,1145.0,112.0,10.19
202012,3,207064.0,264.19,1276.0,139.0,9.19
202012,4,97489.0,85.01,872.0,116.0,7.55
202012,5,47914.0,66.7,1392.0,174.0,8.02
202012,6,648989.0,696.81,1074.0,110.0,9.77
202012,7,71873.0,74.58,1038.0,79.0,13.12
202101,1,49789.0,49.34,991.0,85.0,11.62
202101,2,15182.0,15.92,1048.0,99.0,10.58
202101,3,86579.0,133.53,1542.0,135.0,11.41
202101,4,85440.0,76.93,900.0,106.0,8.47
202101,5,45585.0,59.05,1295.0,223.0,5.82
202101,6,437973.0,457.43,1044.0,106.0,9.86
202101,7,49970.0,54.62,1093.0,73.0,15.03
202102,1,28715.0,33.73,1175.0,100.0,11.78
202102,2,13190.0,13.56,1028.0,104.0,9.92
202102,3,74280.0,105.33,1418.0,132.0,10.74
202102,4,54348.0,54.69,1006.0,142.0,7.11
202102,5,31596.0,42.01,1329.0,200.0,6.66
202102,6,284974.0,323.82,1136.0,118.0,9.6
202102,7,28152.0,39.84,1415.0,98.0,14.49
202103,1,51049.0,50.78,995.0,91.0,10.96
202103,2,65660.0,63.02,960.0,111.0,8.64
202103,3,100525.0,147.03,1463.0,127.0,11.47
202103,4,85627.0,68.52,800.0,138.0,5.78
202103,5,69319.0,93.7,1352.0,241.0,5.61
202103,6,491427.0,543.89,1107.0,131.0,8.48
202103,7,46945.0,69.53,1481.0,115.0,12.88
202104,1,83006.0,86.13,1038.0,106.0,9.76
202104,2,124634.0,125.63,1008.0,126.0,8.03
202104,3,109429.0,142.28,1300.0,122.0,10.65
202104,4,93535.0,88.85,950.0,183.0,5.2
202104,5,65324.0,86.74,1328.0,243.0,5.46
202104,6,629206.0,668.42,1062.0,131.0,8.11
202104,7,71493.0,71.04,994.0,94.0,10.56
202105,1,166171.0,163.14,982.0,111.0,8.82
202105,2,380859.0,394.78,1037.0,143.0,7.25
202105,3,161380.0,223.78,1387.0,139.0,9.96
202105,4,251155.0,211.0,840.0,161.0,5.23
202105,5,86696.0,123.42,1424.0,274.0,5.2
202105,6,1363164.0,1395.78,1024.0,141.0,7.28
202105,7,141587.0,154.49,1091.0,117.0,9.36
202106,1,296125.0,304.27,1027.0,121.0,8.51
202106,2,656091.0,738.32,1125.0,158.0,7.13
202106,3,221337.0,286.87,1296.0,148.0,8.75
202106,4,404336.0,387.59,959.0,172.0,5.57
202106,5,139091.0,209.65,1507.0,241.0,6.25
202106,6,2216356.0,2421.69,1093.0,147.0,7.43
202106,7,271231.0,302.31,1115.0,113.0,9.9
202107,1,555120.0,660.92,1191.0,116.0,10.24
202107,2,1320144.0,1634.07,1238.0,181.0,6.83
202107,3,414241.0,628.93,1518.0,166.0,9.15
202107,4,815654.0,875.91,1074.0,163.0,6.6
202107,5,219112.0,333.3,1521.0,213.0,7.15
202107,6,4398992.0,5229.47,1189.0,145.0,8.22
202107,7,607165.0,721.52,1188.0,99.0,11.95
202108,1,699075.0,850.3,1216.0,119.0,10.22
202108,2,1307442.0,1580.31,1209.0,167.0,7.25
202108,3,569209.0,817.74,1437.0,163.0,8.82
202108,4,1076756.0,1126.66,1046.0,152.0,6.87
202108,5,231016.0,319.09,1381.0,245.0,5.64
202108,6,5196520.0,5907.3,1137.0,135.0,8.43
202108,7,754050.0,802.68,1064.0,90.0,11.79
202109,1,687624.0,720.9,1048.0,117.0,8.92
202109,2,1167722.0,1306.69,1119.0,156.0,7.17
202109,3,611246.0,841.05,1376.0,157.0,8.79
202109,4,877825.0,792.9,903.0,161.0,5.62
202109,5,258228.0,371.47,1439.0,248.0,5.8
202109,6,4703933.0,5051.2,1074.0,138.0,7.8
202109,7,641919.0,659.41,1027.0,93.0,11.06
202110,1,813081.0,864.89,1064.0,120.0,8.89
202110,2,1010761.0,1115.5,1104.0,155.0,7.1
202110,3,994249.0,1254.18,1261.0,151.0,8.35
202110,4,868763.0,760.86,876.0,159.0,5.51
202110,5,362704.0,540.05,1489.0,256.0,5.81
202110,6,5148820.0,5606.29,1089.0,140.0,7.79
202110,7,641582.0,684.93,1068.0,97.0,11.01
202111,1,486298.0,543.39,1117.0,113.0,9.92
202111,2,148414.0,164.01,1105.0,132.0,8.34
202111,3,1013292.0,1362.22,1344.0,152.0,8.83
202111,4,616059.0,533.64,866.0,151.0,5.75
202111,5,375608.0,489.64,1304.0,246.0,5.29
202111,6,3361913.0,3761.5,1119.0,142.0,7.87
202111,7,384253.0,410.17,1067.0,109.0,9.83
202112,1,332287.0,440.48,1326.0,97.0,13.63
202112,2,114613.0,127.04,1108.0,119.0,9.32
202112,3,902963.0,1243.91,1378.0,154.0,8.92
202112,4,558338.0,545.8,978.0,132.0,7.38
202112,5,292788.0,444.5,1518.0,217.0,6.98
202112,6,2947525.0,3536.59,1200.0,126.0,9.51
202112,7,381422.0,401.81,1053.0,93.0,11.36
202201,1,323469.0,376.47,1164.0,97.0,12.04
202201,2,83167.0,101.31,1218.0,108.0,11.32
202201,3,759766.0,1130.0,1487.0,149.0,9.97
202201,4,465172.0,437.57,941.0,119.0,7.93
202201,5,247982.0,386.36,1558.0,223.0,6.99
202201,6,2501443.0,3039.78,1215.0,124.0,9.8
202201,7,280868.0,323.12,1150.0,94.0,12.3
202202,1,425087.0,473.72,1114.0,114.0,9.77
202202,2,149643.0,150.93,1009.0,127.0,7.93
202202,3,967892.0,1405.53,1452.0,143.0,10.17
202202,4,619075.0,586.55,947.0,149.0,6.34
202202,5,282914.0,402.27,1422.0,232.0,6.13
202202,6,3179288.0,3774.69,1187.0,137.0,8.67
202202,7,393393.0,474.05,1205.0,117.0,10.26
202203,1,609932.0,750.29,1230.0,123.0,9.96
202203,2,306983.0,365.53,1191.0,154.0,7.75
202203,3,1123309.0,1678.68,1494.0,156.0,9.59
202203,4,708963.0,737.13,1040.0,192.0,5.42
202203,5,447532.0,642.18,1435.0,283.0,5.06
202203,6,4039532.0,5077.45,1257.0,157.0,7.99
202203,7,491399.0,602.55,1226.0,123.0,9.96
202204,1,908068.0,975.5,1074.0,127.0,8.44
202204,2,1070244.0,1206.73,1128.0,147.0,7.69
202204,3,1110116.0,1480.99,1334.0,154.0,8.65
202204,4,1156887.0,1146.59,991.0,194.0,5.11
202204,5,546380.0,832.5,1524.0,303.0,5.02
202204,6,6106316.0,6910.11,1132.0,155.0,7.3
202204,7,785176.0,799.2,1018.0,117.0,8.7
202205,1,1040000.0,1148.96,1105.0,144.0,7.7
202205,2,1630611.0,1818.45,1115.0,188.0,5.94
202205,3,883555.0,1227.36,1389.0,156.0,8.89
202205,4,1474935.0,1486.37,1008.0,202.0,4.98
202205,5,571014.0,948.76,1662.0,309.0,5.39
202205,6,6988353.0,8046.91,1151.0,176.0,6.53
202205,7,793403.0,805.66,1015.0,131.0,7.78
202206,1,1009682.0,1178.11,1167.0,145.0,8.06
202206,2,1958641.0,2178.8,1112.0,180.0,6.18
202206,3,900683.0,1163.27,1292.0,165.0,7.82
202206,4,1631067.0,1857.49,1139.0,206.0,5.52
202206,5,605892.0,1024.37,1691.0,291.0,5.81
202206,6,7498156.0,9025.67,1204.0,174.0,6.92
202206,7,850991.0,1079.41,1268.0,129.0,9.86
202207,1,1122579.0,1484.99,1323.0,137.0,9.64
202207,2,2273277.0,2810.24,1236.0,186.0,6.65
202207,3,1028968.0,1611.95,1567.0,183.0,8.54
202207,4,1995729.0,2595.56,1301.0,202.0,6.43
202207,5,626638.0,1095.31,1748.0,269.0,6.49
202207,6,9091390.0,11902.1,1309.0,169.0,7.73
202207,7,1126932.0,1470.48,1305.0,123.0,10.64
202208,1,1295900.0,1692.39,1306.0,143.0,9.14
202208,2,2185677.0,2664.45,1219.0,182.0,6.69
202208,3,1035403.0,1573.1,1519.0,177.0,8.59
202208,4,1901752.0,2415.56,1270.0,183.0,6.95
202208,5,447380.0,723.09,1616.0,298.0,5.43
202208,6,8848665.0,11281.82,1275.0,163.0,7.84
202208,7,1057976.0,1383.84,1308.0,120.0,10.94
202209,1,1101005.0,1208.41,1098.0,156.0,7.02
202209,2,1897022.0,2101.44,1108.0,175.0,6.33
202209,3,928846.0,1282.54,1381.0,170.0,8.12
202209,4,1642389.0,1851.15,1127.0,200.0,5.63
202209,5,602463.0,926.46,1538.0,311.0,4.94
202209,6,7767211.0,9147.69,1178.0,170.0,6.91
202209,7,937745.0,1079.73,1151.0,115.0,10.0
202210,1,1048112.0,1237.63,1181.0,152.0,7.77
202210,2,1352418.0,1490.36,1102.0,162.0,6.8
202210,3,1184526.0,1553.26,1311.0,167.0,7.83
202210,4,1484838.0,1503.48,1013.0,190.0,5.32
202210,5,688660.0,1063.28,1544.0,291.0,5.31
202210,6,7176984.0,8311.2,1158.0,168.0,6.91
202210,7,865642.0,889.87,1028.0,119.0,8.65
202211,1,592129.0,749.93,1266.0,141.0,8.96
202211,2,165387.0,188.59,1140.0,139.0,8.2
202211,3,1185300.0,1668.99,1408.0,167.0,8.46
202211,4,957123.0,979.27,1023.0,192.0,5.33
202211,5,540723.0,821.44,1519.0,279.0,5.45
202211,6,4334651.0,5381.97,1242.0,167.0,7.46
202211,7,519058.0,603.17,1162.0,120.0,9.64
202212,1,533927.0,713.19,1336.0,121.0,11.07
202212,2,130814.0,144.74,1106.0,134.0,8.29
202212,3,1219648.0,1677.04,1375.0,168.0,8.17
202212,4,814112.0,881.9,1083.0,155.0,6.99
202212,5,440604.0,764.09,1734.0,246.0,7.05
202212,6,4127293.0,5238.8,1269.0,146.0,8.69
202212,7,513864.0,592.58,1153.0,99.0,11.67
202301,1,567627.0,674.59,1188.0,124.0,9.59
202301,2,127802.0,144.17,1128.0,129.0,8.76
202301,3,1209285.0,1714.73,1418.0,164.0,8.66
202301,4,797150.0,807.26,1013.0,157.0,6.44
202301,5,518799.0,865.01,1667.0,214.0,7.8
202301,6,4134995.0,5216.94,1262.0,149.0,8.48
202301,7,480171.0,539.77,1124.0,111.0,10.14
202302,1,612045.0,722.08,1180.0,129.0,9.13
202302,2,181701.0,183.75,1011.0,148.0,6.83
202302,3,1230683.0,1790.75,1455.0,165.0,8.8
202302,4,930178.0,938.0,1008.0,197.0,5.13
202302,5,453650.0,725.27,1599.0,287.0,5.57
202302,6,4320665.0,5364.13,1242.0,164.0,7.57
202302,7,481913.0,612.76,1272.0,125.0,10.21
202303,1,801619.0,989.75,1235.0,144.0,8.6
202303,2,360815.0,434.44,1204.0,153.0,7.87
202303,3,1297460.0,1923.95,1483.0,162.0,9.14
202303,4,1052638.0,1082.25,1028.0,194.0,5.29
202303,5,594544.0,968.22,1629.0,347.0,4.69
202303,6,5247341.0,6668.07,1271.0,170.0,7.46
202303,7,660566.0,792.32,1199.0,129.0,9.31
202304,1,1152846.0,1328.45,1152.0,149.0,7.75
202304,2,1182890.0,1327.83,1123.0,180.0,6.25
202304,3,1160224.0,1547.79,1334.0,153.0,8.69
202304,4,1541270.0,1618.93,1050.0,213.0,4.94
202304,5,666477.0,1077.16,1616.0,338.0,4.79
202304,6,7228094.0,8454.47,1170.0,174.0,6.73
202304,7,866776.0,946.7,1092.0,132.0,8.28
202305,1,1210100.0,1428.25,1180.0,158.0,7.45
202305,2,1797943.0,1903.42,1059.0,195.0,5.43
202305,3,969285.0,1269.3,1310.0,168.0,7.8
202305,4,1924278.0,2145.61,1115.0,226.0,4.94
202305,5,706226.0,1261.93,1787.0,329.0,5.42
202305,6,8300384.0,9766.97,1177.0,188.0,6.26
202305,7,1001303.0,1031.17,1030.0,131.0,7.87
202306,1,1156269.0,1424.55,1232.0,169.0,7.28
202306,2,2059265.0,2445.31,1187.0,196.0,6.05
202306,3,947828.0,1277.51,1348.0,176.0,7.64
202306,4,1819708.0,2243.1,1233.0,246.0,5.0
202306,5,745111.0,1328.38,1783.0,294.0,6.06
202306,6,8307460.0,10607.99,1277.0,192.0,6.64
202306,7,937202.0,1110.74,1185.0,128.0,9.23
202307,1,1344993.0,1843.9,1371.0,166.0,8.27
202307,2,2437374.0,3256.45,1336.0,210.0,6.35
202307,3,1070553.0,1854.98,1733.0,195.0,8.88
202307,4,2309021.0,3063.41,1327.0,221.0,5.99
202307,5,664448.0,1215.03,1829.0,298.0,6.15
202307,6,10116916.0,13880.83,1372.0,191.0,7.18
202307,7,1332110.0,1717.18,1289.0,139.0,9.3
202308,1,1466334.0,1975.34,1347.0,156.0,8.66
202308,2,2359442.0,3262.94,1383.0,190.0,7.26
202308,3,1062818.0,1713.9,1613.0,187.0,8.6
202308,4,2154210.0,2810.15,1304.0,200.0,6.54
202308,5,625174.0,1033.16,1653.0,304.0,5.44
202308,6,10186163.0,13599.39,1335.0,173.0,7.73
202308,7,1272665.0,1678.23,1319.0,129.0,10.24
202309,1,1300924.0,1625.73,1250.0,169.0,7.41
202309,2,2061298.0,2508.48,1217.0,193.0,6.31
202309,3,1026257.0,1447.14,1410.0,182.0,7.77
202309,4,1818670.0,2132.76,1173.0,222.0,5.28
202309,5,769335.0,1281.92,1666.0,334.0,4.99
202309,6,8795425.0,11193.59,1273.0,188.0,6.78
202309,7,1042340.0,1308.01,1255.0,123.0,10.17
202310,1,1237399.0,1499.58,1212.0,166.0,7.31
202310,2,1476654.0,1744.19,1181.0,178.0,6.63
202310,3,1269415.0,1752.21,1380.0,176.0,7.84
202310,4,1669786.0,1907.7,1142.0,224.0,5.09
202310,5,822942.0,1440.92,1751.0,304.0,5.77
202310,6,8187022.0,10302.07,1258.0,185.0,6.79
202310,7,1033167.0,1209.3,1170.0,134.0,8.71
202311,1,715475.0,920.55,1287.0,156.0,8.27
202311,2,213740.0,266.43,1247.0,140.0,8.93
202311,3,1332768.0,1944.53,1459.0,176.0,8.27
202311,4,1145608.0,1270.35,1109.0,193.0,5.74
202311,5,673552.0,1069.9,1588.0,283.0,5.61
202311,6,5135498.0,6644.47,1294.0,174.0,7.43
202311,7,653407.0,734.18,1124.0,121.0,9.28
202312,1,624935.0,882.21,1412.0,125.0,11.26
202312,2,165588.0,214.83,1297.0,139.0,9.32
202312,3,1374111.0,2095.73,1525.0,169.0,9.02
202312,4,1020095.0,1228.66,1204.0,171.0,7.05
202312,5,605809.0,1062.79,1754.0,223.0,7.87
202312,6,5209085.0,7090.5,1361.0,149.0,9.12
202312,7,712546.0,831.59,1167.0,104.0,11.19
202401,1,667158.0,901.07,1351.0,142.0,9.53
202401,2,139177.0,174.31,1252.0,137.0,9.17
202401,3,1321043.0,2005.88,1518.0,178.0,8.55
202401,4,957854.0,1051.0,1097.0,159.0,6.89
202401,5,608661.0,1159.59,1905.0,226.0,8.42
202401,6,4775549.0,6546.3,1371.0,158.0,8.68
202401,7,616365.0,751.87,1220.0,113.0,10.77
202402,1,725589.0,973.66,1342.0,154.0,8.73
202402,2,214433.0,259.97,1212.0,169.0,7.18
202402,3,1407939.0,2177.99,1547.0,165.0,9.38
202402,4,1054228.0,1108.06,1051.0,198.0,5.31
202402,5,584792.0,992.49,1697.0,324.0,5.23
202402,6,5013497.0,6746.32,1346.0,173.0,7.76
202402,7,582504.0,797.72,1369.0,129.0,10.62
202403,1,957364.0,1455.14,1520.0,154.0,9.9
202403,2,428191.0,524.65,1225.0,179.0,6.84
202403,3,1543223.0,2324.44,1506.0,173.0,8.73
202403,4,1356213.0,1491.78,1100.0,206.0,5.35
202403,5,712222.0,1246.3,1750.0,349.0,5.02
202403,6,6350471.0,8631.35,1359.0,180.0,7.56
202403,7,824971.0,1028.5,1247.0,131.0,9.49
202404,1,1202569.0,1464.23,1218.0,166.0,7.34
202404,2,1196361.0,1391.23,1163.0,191.0,6.09
202404,3,1183297.0,1670.51,1412.0,175.0,8.05
202404,4,1684885.0,1814.86,1077.0,219.0,4.93
202404,5,813678.0,1299.51,1597.0,313.0,5.1
202404,6,7783750.0,9488.1,1219.0,185.0,6.59
202404,7,1003867.0,1104.58,1100.0,133.0,8.28
202405,1,1343669.0,1711.87,1274.0,179.0,7.11
202405,2,1997409.0,2217.34,1110.0,212.0,5.23
202405,3,1037648.0,1455.43,1403.0,189.0,7.43
202405,4,2042935.0,2327.19,1139.0,247.0,4.61
202405,5,879339.0,1767.55,2010.0,327.0,6.15
202405,6,9255985.0,11686.91,1263.0,205.0,6.16
202405,7,1150006.0,1325.92,1153.0,137.0,8.39
202406,1,1364955.0,1747.03,1280.0,170.0,7.52
202406,2,2196345.0,2751.09,1253.0,208.0,6.02
202406,3,1045475.0,1438.16,1376.0,190.0,7.25
202406,4,1996785.0,2529.75,1267.0,249.0,5.09
202406,5,843657.0,1604.21,1901.0,299.0,6.35
202406,6,9299574.0,12356.78,1329.0,197.0,6.75
202406,7,1117852.0,1395.87,1249.0,132.0,9.43
202407,1,1460088.0,2027.07,1388.0,170.0,8.16
202407,2,2541123.0,3773.69,1485.0,221.0,6.72
202407,3,1161204.0,1944.56,1675.0,207.0,8.08
202407,4,2379950.0,3124.58,1313.0,220.0,5.98
202407,5,742294.0,1417.2,1909.0,319.0,5.98
202407,6,10852347.0,15513.29,1429.0,196.0,7.29
202407,7,1474120.0,2054.28,1394.0,140.0,9.99
202408,1,1598032.0,2280.88,1427.0,171.0,8.34
202408,2,2446450.0,3560.23,1455.0,215.0,6.78
202408,3,1165537.0,1954.22,1677.0,200.0,8.38
202408,4,2286485.0,3056.16,1337.0,213.0,6.28
202408,5,638979.0,1163.09,1820.0,344.0,5.3
202408,6,10929584.0,15364.42,1406.0,189.0,7.46
202408,7,1469110.0,2111.15,1437.0,141.0,10.16
202409,1,1430607.0,1891.81,1322.0,175.0,7.56
202409,2,2147736.0,2698.95,1257.0,204.0,6.15
202409,3,1105772.0,1573.4,1423.0,188.0,7.57
202409,4,2047809.0,2477.9,1210.0,216.0,5.59
202409,5,817484.0,1442.1,1764.0,357.0,4.93
202409,6,9602015.0,12613.05,1314.0,195.0,6.73
202409,7,1194994.0,1510.77,1264.0,139.0,9.08
202410,1,1365799.0,1844.08,1350.0,186.0,7.24
202410,2,1599653.0,2123.77,1328.0,188.0,7.06
202410,3,1359785.0,1886.49,1387.0,180.0,7.71
202410,4,1801752.0,2077.09,1153.0,220.0,5.24
202410,5,863874.0,1650.66,1911.0,321.0,5.95
202410,6,8961932.0,11898.7,1328.0,191.0,6.95
202410,7,1134131.0,1344.75,1186.0,131.0,9.04
202411,1,776920.0,1158.97,1492.0,160.0,9.31
202411,2,219596.0,309.41,1409.0,148.0,9.52
202411,3,1448423.0,2203.66,1521.0,189.0,8.07
202411,4,1262483.0,1385.57,1097.0,197.0,5.56
202411,5,718290.0,1209.62,1684.0,300.0,5.62
202411,6,5670219.0,7707.67,1359.0,178.0,7.62
202411,7,680112.0,850.13,1250.0,121.0,10.33
202412,1,680492.0,1004.53,1476.0,146.0,10.11
202412,2,179838.0,240.07,1335.0,141.0,9.5
202412,3,1448495.0,2240.19,1547.0,189.0,8.19
202412,4,1068838.0,1306.58,1222.0,157.0,7.78
202412,5,601530.0,1155.48,1921.0,238.0,8.06
202412,6,5264375.0,7590.34,1442.0,159.0,9.05
202412,7,666938.0,848.19,1272.0,111.0,11.41
202501,1,693467.0,990.45,1428.0,154.0,9.25
202501,2,147694.0,187.47,1269.0,150.0,8.47
202501,3,1360772.0,2162.23,1589.0,181.0,8.79
202501,4,1077920.0,1109.84,1030.0,164.0,6.28
202501,5,704663.0,1392.35,1976.0,218.0,9.06
202501,6,5066976.0,7142.91,1410.0,165.0,8.55
202501,7,599759.0,741.07,1236.0,124.0,9.94
202502,1,776456.0,1035.16,1333.0,166.0,8.04
202502,2,238284.0,277.86,1166.0,177.0,6.59
202502,3,1444574.0,2258.09,1563.0,181.0,8.62
202502,4,1141042.0,1155.56,1013.0,181.0,5.6
202502,5,647653.0,1144.18,1767.0,318.0,5.56
202502,6,5416176.0,7272.63,1343.0,184.0,7.31
202502,7,670530.0,887.85,1324.0,147.0,9.01
202503,1,1053483.0,1588.94,1508.0,168.0,8.99
202503,2,423285.0,575.92,1361.0,194.0,7.01
202503,3,1556644.0,2424.08,1557.0,185.0,8.4
202503,4,1372004.0,1445.15,1053.0,221.0,4.78
202503,5,724691.0,1347.05,1859.0,338.0,5.5
202503,6,6594912.0,9112.01,1382.0,188.0,7.33
202503,7,856060.0,1113.36,1301.0,134.0,9.69
202504,1,1398377.0,1731.92,1239.0,172.0,7.18
202504,2,1354546.0,1582.29,1168.0,196.0,5.96
202504,3,1324679.0,1926.27,1454.0,168.0,8.65
202504,4,1751609.0,1999.34,1141.0,214.0,5.32
202504,5,850775.0,1584.67,1863.0,316.0,5.89
202504,6,8603695.0,10875.75,1264.0,187.0,6.77
202504,7,1118077.0,1254.48,1122.0,139.0,8.08
202505,1,1450518.0,1896.06,1307.0,189.0,6.93
202505,2,2005435.0,2345.82,1170.0,221.0,5.28
202505,3,1076196.0,1518.22,1411.0,196.0,7.2
202505,4,1911708.0,2287.64,1197.0,271.0,4.41
202505,5,878494.0,1778.77,2025.0,314.0,6.44
202505,6,9370873.0,12226.41,1305.0,210.0,6.22
202505,7,1196807.0,1387.3,1159.0,134.0,8.64
202506,1,1426021.0,1915.27,1343.0,199.0,6.73
202506,2,2262486.0,2834.37,1253.0,218.0,5.75
202506,3,1078404.0,1561.36,1448.0,190.0,7.62
202506,4,1995261.0,2578.26,1292.0,251.0,5.16
202506,5,777169.0,1733.53,2231.0,329.0,6.79
202506,6,9473172.0,13050.58,1378.0,210.0,6.57
202506,7,1155144.0,1420.51,1230.0,143.0,8.58
202507,1,1539107.0,2180.01,1416.0,192.0,7.39
202507,2,2566508.0,3827.14,1491.0,243.0,6.14
202507,3,1231090.0,2217.58,1801.0,219.0,8.24
202507,4,2356119.0,3281.51,1393.0,229.0,6.09
202507,5,719268.0,1516.42,2108.0,324.0,6.5
202507,6,11026681.0,16432.61,1490.0,210.0,7.08
202507,7,1492960.0,2217.85,1486.0,150.0,9.91
202508,1,1702993.0,2353.56,1382.0,177.0,7.81
202508,2,2531667.0,3902.52,1541.0,221.0,6.98
202508,3,1235978.0,2227.9,1803.0,209.0,8.64
202508,4,2181296.0,3106.58,1424.0,229.0,6.21
202508,5,686573.0,1220.56,1778.0,371.0,4.8
202508,6,11227218.0,16341.58,1456.0,199.0,7.33
202508,7,1536393.0,2241.2,1459.0,144.0,10.15
202509,1,1467722.0,2019.96,1376.0,189.0,7.26
202509,2,2187191.0,2842.84,1300.0,213.0,6.11
202509,3,1105539.0,1696.58,1535.0,201.0,7.64
202509,4,2015929.0,2571.66,1276.0,237.0,5.37
202509,5,819965.0,1571.25,1916.0,343.0,5.59
202509,6,9717724.0,13404.59,1379.0,204.0,6.78
202509,7,1191093.0,1593.39,1338.0,147.0,9.11
202510,1,1422301.0,2029.29,1427.0,183.0,7.8
202510,2,1573909.0,2094.51,1331.0,195.0,6.84
202510,3,1370405.0,1945.47,1420.0,186.0,7.62
202510,4,1988202.0,2468.63,1242.0,220.0,5.64
202510,5,942541.0,1950.8,2070.0,325.0,6.36
202510,6,9254206.0,12803.0,1383.0,202.0,6.86
202510,7,1121910.0,1323.93,1180.0,148.0,7.99
202511,1,819255.0,1175.76,1435.0,179.0,8.01
202511,2,232181.0,330.89,1425.0,175.0,8.14
202511,3,1462191.0,2240.55,1532.0,192.0,7.99
202511,4,1261968.0,1458.24,1156.0,207.0,5.58
202511,5,724959.0,1388.59,1915.0,297.0,6.45
202511,6,5774895.0,8087.84,1401.0,189.0,7.42
202511,7,771129.0,928.34,1204.0,126.0,9.52
202512,1,682711.0,1116.43,1635.0,139.0,11.74
202512,2,194782.0,258.09,1325.0,160.0,8.27
202512,3,1447171.0,2226.74,1539.0,190.0,8.1
202512,4,988858.0,1351.42,1367.0,184.0,7.42
202512,5,649748.0,1309.88,2016.0,238.0,8.47
202512,6,5277365.0,7993.41,1515.0,168.0,9.02
202512,7,704089.0,923.47,1312.0,126.0,10.42
202601,1,720164.0,1079.35,1499.0,161.0,9.31
202601,2,134659.0,193.04,1434.0,152.0,9.4
202601,3,1427922.0,2241.15,1570.0,193.0,8.12
202601,4,1010902.0,1273.57,1260.0,185.0,6.82
202601,5,766365.0,1609.75,2100.0,245.0,8.58
202601,6,5127256.0,7804.61,1522.0,177.0,8.62
202601,7,578720.0,763.77,1320.0,131.0,10.07
202602,1,784734.0,1088.51,1387.0,168.0,8.28
202602,2,219055.0,288.41,1317.0,177.0,7.46
202602,3,1492242.0,2221.43,1489.0,197.0,7.54
202602,4,1187379.0,1372.02,1156.0,186.0,6.2
202602,5,659007.0,1165.69,1769.0,347.0,5.1
202602,6,5569036.0,7606.44,1366.0,190.0,7.2
202602,7,740365.0,920.32,1243.0,134.0,9.25
202603,1,1167746.0,1703.15,1458.0,186.0,7.85
202603,2,482831.0,605.3,1254.0,197.0,6.36
202603,3,1562334.0,2478.87,1587.0,185.0,8.56
202603,4,1298043.0,1637.28,1261.0,223.0,5.65
202603,5,745295.0,1367.82,1835.0,361.0,5.09
202603,6,6810629.0,9606.4,1411.0,198.0,7.14
202603,7,932199.0,1187.86,1274.0,151.0,8.42
202604,1,1495335.0,1875.34,1254.0,191.0,6.57
202604,2,1372978.0,1554.52,1132.0,205.0,5.52
202604,3,1214347.0,1795.69,1479.0,182.0,8.12
202604,4,1886599.0,2215.64,1174.0,203.0,5.79
202604,5,926833.0,1829.8,1974.0,304.0,6.49
202604,6,9054129.0,11685.64,1291.0,189.0,6.82
202604,7,1292672.0,1463.1,1132.0,125.0,9.07
202605,1,1634592.0,2055.25,1257.0,200.0,6.27
202605,2,2109915.0,2560.77,1214.0,229.0,5.29
202605,3,1070492.0,1555.21,1453.0,194.0,7.49
202605,4,2162418.0,2586.56,1196.0,239.0,5.01
202605,5,1031693.0,2174.02,2107.0,293.0,7.2
202605,6,10260070.0,13553.47,1321.0,214.0,6.19
202605,7,1311449.0,1553.24,1184.0,149.0,7.92
202606,1,1531303.0,1981.94,1294.0,203.0,6.39
202606,2,2275384.0,2954.51,1298.0,230.0,5.65
202606,3,1030193.0,1560.64,1515.0,199.0,7.6
202606,4,2023505.0,2726.23,1347.0,267.0,5.05
202606,5,884881.0,1860.65,2103.0,288.0,7.31
202606,6,9746490.0,13579.04,1393.0,211.0,6.6
202606,7,1228277.0,1506.04,1226.0,131.0,9.34
202607,1,1685248.0,2690.92,1597.0,202.0,7.92
202607,2,2569662.0,4144.73,1613.0,259.0,6.23
202607,3,1222895.0,2188.4,1790.0,236.0,7.59
202607,4,2374497.0,3707.43,1561.0,241.0,6.47
202607,5,798609.0,1611.9,2018.0,340.0,5.94
202607,6,11538796.0,18217.95,1579.0,218.0,7.23
202607,7,1634084.0,2475.45,1515.0,153.0,9.9
